image_id,identity
3,LynxID2025_lynx_75
5,new_individual
12,LynxID2025_lynx_95
13,LynxID2025_lynx_28
18,LynxID2025_lynx_05
19,new_individual
27,new_individual
33,LynxID2025_lynx_62
36,LynxID2025_lynx_65
45,new_individual
46,LynxID2025_lynx_28
47,new_individual
48,LynxID2025_lynx_31
49,LynxID2025_lynx_32
55,LynxID2025_lynx_32
58,LynxID2025_lynx_40
61,LynxID2025_lynx_60
62,new_individual
63,new_individual
64,new_individual
65,new_individual
67,new_individual
68,LynxID2025_lynx_62
74,LynxID2025_lynx_93
81,LynxID2025_lynx_40
84,LynxID2025_lynx_28
85,new_individual
86,LynxID2025_lynx_62
89,LynxID2025_lynx_48
90,LynxID2025_lynx_32
94,new_individual
97,LynxID2025_lynx_43
98,LynxID2025_lynx_74
106,LynxID2025_lynx_36
113,new_individual
123,LynxID2025_lynx_62
124,LynxID2025_lynx_43
126,LynxID2025_lynx_03
131,LynxID2025_lynx_29
137,new_individual
139,LynxID2025_lynx_49
145,new_individual
150,new_individual
163,LynxID2025_lynx_62
166,LynxID2025_lynx_87
167,LynxID2025_lynx_62
168,LynxID2025_lynx_05
171,LynxID2025_lynx_16
173,LynxID2025_lynx_31
182,new_individual
183,new_individual
186,new_individual
188,LynxID2025_lynx_60
190,new_individual
192,LynxID2025_lynx_36
195,new_individual
202,new_individual
203,LynxID2025_lynx_32
205,new_individual
209,new_individual
210,new_individual
213,LynxID2025_lynx_32
216,new_individual
219,LynxID2025_lynx_62
221,LynxID2025_lynx_32
228,LynxID2025_lynx_75
231,LynxID2025_lynx_62
240,new_individual
242,new_individual
245,new_individual
264,LynxID2025_lynx_74
266,LynxID2025_lynx_28
273,new_individual
276,LynxID2025_lynx_25
280,LynxID2025_lynx_62
282,LynxID2025_lynx_62
286,LynxID2025_lynx_49
289,new_individual
293,LynxID2025_lynx_35
294,LynxID2025_lynx_45
296,LynxID2025_lynx_50
311,LynxID2025_lynx_86
312,LynxID2025_lynx_62
315,LynxID2025_lynx_25
338,LynxID2025_lynx_38
347,LynxID2025_lynx_05
357,new_individual
359,LynxID2025_lynx_13
361,LynxID2025_lynx_52
366,LynxID2025_lynx_63
368,new_individual
373,new_individual
375,LynxID2025_lynx_07
378,LynxID2025_lynx_62
380,LynxID2025_lynx_28
397,LynxID2025_lynx_74
411,LynxID2025_lynx_74
415,LynxID2025_lynx_25
422,LynxID2025_lynx_05
423,LynxID2025_lynx_63
424,new_individual
427,new_individual
429,new_individual
431,LynxID2025_lynx_62
432,LynxID2025_lynx_91
437,LynxID2025_lynx_60
439,LynxID2025_lynx_32
443,new_individual
454,LynxID2025_lynx_05
459,LynxID2025_lynx_32
465,LynxID2025_lynx_29
469,LynxID2025_lynx_75
470,LynxID2025_lynx_43
474,new_individual
475,new_individual
478,new_individual
479,new_individual
480,new_individual
481,new_individual
482,new_individual
491,new_individual
494,new_individual
500,LynxID2025_lynx_32
501,new_individual
507,LynxID2025_lynx_63
509,LynxID2025_lynx_43
512,new_individual
515,LynxID2025_lynx_91
516,new_individual
519,new_individual
520,new_individual
522,new_individual
524,LynxID2025_lynx_76
526,LynxID2025_lynx_35
530,LynxID2025_lynx_43
537,LynxID2025_lynx_41
544,new_individual
547,LynxID2025_lynx_05
549,new_individual
551,LynxID2025_lynx_32
552,LynxID2025_lynx_40
555,LynxID2025_lynx_18
559,new_individual
562,LynxID2025_lynx_05
565,LynxID2025_lynx_46
567,new_individual
569,LynxID2025_lynx_32
570,LynxID2025_lynx_35
573,new_individual
577,LynxID2025_lynx_49
578,LynxID2025_lynx_43
579,new_individual
580,new_individual
583,new_individual
584,LynxID2025_lynx_29
588,LynxID2025_lynx_05
589,LynxID2025_lynx_25
591,LynxID2025_lynx_38
592,new_individual
594,LynxID2025_lynx_65
595,LynxID2025_lynx_25
599,LynxID2025_lynx_94
602,LynxID2025_lynx_75
603,LynxID2025_lynx_50
611,new_individual
620,new_individual
625,LynxID2025_lynx_54
626,new_individual
628,LynxID2025_lynx_86
630,LynxID2025_lynx_28
636,LynxID2025_lynx_49
643,LynxID2025_lynx_32
645,LynxID2025_lynx_76
648,new_individual
649,LynxID2025_lynx_95
651,new_individual
655,LynxID2025_lynx_56
656,new_individual
662,LynxID2025_lynx_74
669,new_individual
670,LynxID2025_lynx_32
672,new_individual
673,new_individual
676,LynxID2025_lynx_17
678,new_individual
683,LynxID2025_lynx_62
685,LynxID2025_lynx_32
690,LynxID2025_lynx_86
694,new_individual
699,LynxID2025_lynx_95
704,LynxID2025_lynx_62
707,LynxID2025_lynx_28
711,LynxID2025_lynx_05
712,new_individual
713,LynxID2025_lynx_32
715,new_individual
719,LynxID2025_lynx_09
722,LynxID2025_lynx_32
724,LynxID2025_lynx_29
726,new_individual
730,new_individual
734,LynxID2025_lynx_76
735,LynxID2025_lynx_77
738,LynxID2025_lynx_62
739,LynxID2025_lynx_91
741,new_individual
749,LynxID2025_lynx_43
750,new_individual
751,new_individual
753,LynxID2025_lynx_50
760,LynxID2025_lynx_05
761,LynxID2025_lynx_60
764,new_individual
766,new_individual
770,LynxID2025_lynx_98
776,new_individual
781,LynxID2025_lynx_91
782,LynxID2025_lynx_62
784,LynxID2025_lynx_28
786,LynxID2025_lynx_75
787,new_individual
790,LynxID2025_lynx_40
791,new_individual
793,new_individual
794,LynxID2025_lynx_49
795,LynxID2025_lynx_32
797,LynxID2025_lynx_62
798,LynxID2025_lynx_93
800,new_individual
804,new_individual
808,LynxID2025_lynx_40
817,new_individual
819,new_individual
824,LynxID2025_lynx_74
840,LynxID2025_lynx_38
849,LynxID2025_lynx_93
855,LynxID2025_lynx_32
859,LynxID2025_lynx_43
865,new_individual
871,LynxID2025_lynx_86
872,LynxID2025_lynx_05
874,new_individual
881,new_individual
886,new_individual
887,LynxID2025_lynx_95
893,new_individual
897,new_individual
904,LynxID2025_lynx_62
907,new_individual
915,new_individual
917,new_individual
920,LynxID2025_lynx_86
939,LynxID2025_lynx_49
941,LynxID2025_lynx_05
945,LynxID2025_lynx_95
951,new_individual
962,new_individual
963,LynxID2025_lynx_28
964,LynxID2025_lynx_28
969,LynxID2025_lynx_97
980,LynxID2025_lynx_62
983,LynxID2025_lynx_63
985,new_individual
990,LynxID2025_lynx_49
991,new_individual
992,LynxID2025_lynx_29
994,LynxID2025_lynx_75
995,LynxID2025_lynx_31
1000,new_individual
1001,LynxID2025_lynx_54
1005,new_individual
1006,LynxID2025_lynx_63
1008,LynxID2025_lynx_62
1011,new_individual
1012,new_individual
1013,new_individual
1019,LynxID2025_lynx_74
1021,LynxID2025_lynx_05
1031,new_individual
1034,LynxID2025_lynx_74
1039,LynxID2025_lynx_43
1042,new_individual
1045,new_individual
1046,new_individual
1047,new_individual
1048,new_individual
1053,new_individual
1055,new_individual
1057,LynxID2025_lynx_25
1060,LynxID2025_lynx_97
1064,LynxID2025_lynx_29
1065,LynxID2025_lynx_50
1068,LynxID2025_lynx_28
1069,new_individual
1071,LynxID2025_lynx_64
1075,new_individual
1089,LynxID2025_lynx_11
1090,new_individual
1094,LynxID2025_lynx_74
1095,LynxID2025_lynx_63
1096,LynxID2025_lynx_40
1107,LynxID2025_lynx_32
1108,LynxID2025_lynx_32
1111,LynxID2025_lynx_95
1115,LynxID2025_lynx_40
1119,LynxID2025_lynx_32
1120,new_individual
1122,LynxID2025_lynx_43
1131,LynxID2025_lynx_62
1135,new_individual
1137,new_individual
1139,LynxID2025_lynx_25
1143,LynxID2025_lynx_32
1147,new_individual
1153,new_individual
1154,LynxID2025_lynx_05
1162,new_individual
1163,new_individual
1164,LynxID2025_lynx_32
1175,new_individual
1182,new_individual
1191,LynxID2025_lynx_28
1192,LynxID2025_lynx_43
1197,LynxID2025_lynx_29
1198,LynxID2025_lynx_54
1203,new_individual
1205,LynxID2025_lynx_05
1207,LynxID2025_lynx_62
1209,LynxID2025_lynx_62
1211,LynxID2025_lynx_32
1213,LynxID2025_lynx_65
1214,new_individual
1221,new_individual
1223,new_individual
1225,LynxID2025_lynx_05
1232,new_individual
1233,new_individual
1234,LynxID2025_lynx_07
1235,new_individual
1237,LynxID2025_lynx_95
1245,new_individual
1247,new_individual
1248,new_individual
1249,LynxID2025_lynx_86
1255,LynxID2025_lynx_95
1259,new_individual
1264,new_individual
1266,LynxID2025_lynx_75
1267,LynxID2025_lynx_46
1270,new_individual
1271,new_individual
1277,LynxID2025_lynx_43
1278,LynxID2025_lynx_74
1280,new_individual
1288,new_individual
1297,LynxID2025_lynx_91
1309,new_individual
1311,LynxID2025_lynx_63
1313,LynxID2025_lynx_45
1318,LynxID2025_lynx_88
1322,new_individual
1325,new_individual
1330,LynxID2025_lynx_62
1335,LynxID2025_lynx_95
1343,LynxID2025_lynx_86
1345,new_individual
1349,LynxID2025_lynx_41
1351,LynxID2025_lynx_40
1353,LynxID2025_lynx_50
1363,LynxID2025_lynx_28
1367,LynxID2025_lynx_50
1368,new_individual
1370,LynxID2025_lynx_29
1371,new_individual
1375,new_individual
1385,new_individual
1388,LynxID2025_lynx_75
1392,LynxID2025_lynx_50
1394,new_individual
1399,LynxID2025_lynx_28
1403,new_individual
1406,new_individual
1410,LynxID2025_lynx_43
1413,LynxID2025_lynx_25
1416,new_individual
1421,LynxID2025_lynx_45
1425,new_individual
1427,LynxID2025_lynx_54
1428,new_individual
1431,new_individual
1432,LynxID2025_lynx_25
1433,new_individual
1439,LynxID2025_lynx_43
1441,LynxID2025_lynx_40
1444,LynxID2025_lynx_62
1447,LynxID2025_lynx_65
1453,new_individual
1454,LynxID2025_lynx_27
1455,LynxID2025_lynx_32
1457,LynxID2025_lynx_95
1465,new_individual
1466,LynxID2025_lynx_45
1474,new_individual
1475,LynxID2025_lynx_86
1491,LynxID2025_lynx_49
1492,new_individual
1493,LynxID2025_lynx_32
1494,LynxID2025_lynx_05
1504,LynxID2025_lynx_09
1509,LynxID2025_lynx_54
1513,LynxID2025_lynx_45
1525,new_individual
1526,new_individual
1527,new_individual
1538,LynxID2025_lynx_43
1539,new_individual
1541,LynxID2025_lynx_62
1545,LynxID2025_lynx_05
1546,LynxID2025_lynx_76
1547,new_individual
1550,LynxID2025_lynx_79
1557,new_individual
1559,new_individual
1566,LynxID2025_lynx_25
1573,LynxID2025_lynx_05
1574,LynxID2025_lynx_00
1575,LynxID2025_lynx_74
1578,LynxID2025_lynx_91
1580,LynxID2025_lynx_74
1583,new_individual
1585,new_individual
1586,new_individual
1588,LynxID2025_lynx_28
1592,LynxID2025_lynx_79
1594,LynxID2025_lynx_62
1596,new_individual
1600,LynxID2025_lynx_93
1607,LynxID2025_lynx_50
1610,new_individual
1612,LynxID2025_lynx_32
1615,LynxID2025_lynx_91
1616,LynxID2025_lynx_32
1619,LynxID2025_lynx_49
1621,new_individual
1625,new_individual
1628,LynxID2025_lynx_73
1631,LynxID2025_lynx_32
1632,new_individual
1641,LynxID2025_lynx_86
1643,LynxID2025_lynx_17
1651,LynxID2025_lynx_95
1652,LynxID2025_lynx_32
1659,LynxID2025_lynx_05
1660,LynxID2025_lynx_32
1666,LynxID2025_lynx_62
1673,LynxID2025_lynx_93
1674,new_individual
1681,LynxID2025_lynx_49
1684,LynxID2025_lynx_49
1688,LynxID2025_lynx_50
1689,LynxID2025_lynx_28
1694,LynxID2025_lynx_31
1701,LynxID2025_lynx_13
1704,new_individual
1714,LynxID2025_lynx_60
1725,LynxID2025_lynx_60
1726,new_individual
1728,new_individual
1735,LynxID2025_lynx_49
1743,new_individual
1744,LynxID2025_lynx_74
1749,new_individual
1759,LynxID2025_lynx_50
1774,new_individual
1776,LynxID2025_lynx_32
1777,LynxID2025_lynx_49
1790,new_individual
1795,LynxID2025_lynx_43
1804,LynxID2025_lynx_49
1806,LynxID2025_lynx_46
1812,LynxID2025_lynx_54
1818,LynxID2025_lynx_49
1820,LynxID2025_lynx_07
1823,new_individual
1829,LynxID2025_lynx_28
1834,LynxID2025_lynx_62
1835,LynxID2025_lynx_95
1836,LynxID2025_lynx_45
1840,LynxID2025_lynx_38
1843,LynxID2025_lynx_91
1854,LynxID2025_lynx_32
1861,LynxID2025_lynx_25
1867,LynxID2025_lynx_29
1869,LynxID2025_lynx_49
1870,new_individual
1871,LynxID2025_lynx_63
1873,LynxID2025_lynx_60
1874,LynxID2025_lynx_75
1878,LynxID2025_lynx_49
1892,new_individual
1894,new_individual
1897,new_individual
1899,LynxID2025_lynx_43
1901,LynxID2025_lynx_62
1903,LynxID2025_lynx_95
1913,LynxID2025_lynx_38
1917,LynxID2025_lynx_35
1921,LynxID2025_lynx_09
1923,LynxID2025_lynx_43
1925,new_individual
1930,LynxID2025_lynx_49
1935,LynxID2025_lynx_91
1936,new_individual
1937,new_individual
1939,LynxID2025_lynx_98
1941,new_individual
1943,LynxID2025_lynx_32
1945,LynxID2025_lynx_29
1951,LynxID2025_lynx_25
1955,new_individual
1957,LynxID2025_lynx_74
1961,LynxID2025_lynx_62
1965,LynxID2025_lynx_32
1969,new_individual
1971,LynxID2025_lynx_31
1975,new_individual
1981,LynxID2025_lynx_32
1985,LynxID2025_lynx_54
1991,LynxID2025_lynx_62
2005,LynxID2025_lynx_86
2007,new_individual
2008,LynxID2025_lynx_45
2014,LynxID2025_lynx_05
2029,LynxID2025_lynx_97
2030,LynxID2025_lynx_74
2035,LynxID2025_lynx_25
2037,LynxID2025_lynx_74
2038,LynxID2025_lynx_54
2040,LynxID2025_lynx_32
2044,LynxID2025_lynx_32
2049,LynxID2025_lynx_32
2057,LynxID2025_lynx_43
2058,LynxID2025_lynx_32
2078,LynxID2025_lynx_49
2079,LynxID2025_lynx_46
2081,LynxID2025_lynx_54
2082,LynxID2025_lynx_05
2086,LynxID2025_lynx_74
2090,LynxID2025_lynx_60
2091,new_individual
2105,LynxID2025_lynx_62
2106,LynxID2025_lynx_49
2107,LynxID2025_lynx_50
2110,new_individual
2117,new_individual
2118,LynxID2025_lynx_25
2119,LynxID2025_lynx_32
2124,LynxID2025_lynx_49
2127,LynxID2025_lynx_43
2129,LynxID2025_lynx_62
2136,new_individual
2137,new_individual
2144,new_individual
2146,LynxID2025_lynx_62
2151,new_individual
2161,new_individual
2164,LynxID2025_lynx_31
2166,LynxID2025_lynx_54
2169,LynxID2025_lynx_87
2170,LynxID2025_lynx_32
2174,LynxID2025_lynx_95
2178,new_individual
2184,LynxID2025_lynx_34
2190,LynxID2025_lynx_45
2196,LynxID2025_lynx_49
2198,LynxID2025_lynx_11
2200,LynxID2025_lynx_95
2205,LynxID2025_lynx_62
2207,LynxID2025_lynx_05
2208,LynxID2025_lynx_62
2219,LynxID2025_lynx_32
2220,LynxID2025_lynx_50
2222,new_individual
2226,new_individual
2228,LynxID2025_lynx_46
2231,new_individual
2232,new_individual
2235,new_individual
2246,LynxID2025_lynx_49
2248,LynxID2025_lynx_49
2257,new_individual
2265,LynxID2025_lynx_29
2268,LynxID2025_lynx_32
2272,LynxID2025_lynx_84
2283,new_individual
2290,LynxID2025_lynx_28
2292,new_individual
2293,LynxID2025_lynx_11
2294,LynxID2025_lynx_31
2301,LynxID2025_lynx_43
2303,new_individual
2307,LynxID2025_lynx_25
2313,new_individual
2320,LynxID2025_lynx_62
2322,LynxID2025_lynx_25
2324,LynxID2025_lynx_49
2326,LynxID2025_lynx_45
2330,new_individual
2336,new_individual
2338,LynxID2025_lynx_32
2343,new_individual
2369,new_individual
2375,new_individual
2379,new_individual
2385,LynxID2025_lynx_49
2388,new_individual
2389,new_individual
2390,LynxID2025_lynx_74
2399,LynxID2025_lynx_87
2403,LynxID2025_lynx_98
2404,new_individual
2406,new_individual
2408,new_individual
2409,LynxID2025_lynx_63
2411,new_individual
2426,LynxID2025_lynx_49
2435,new_individual
2437,new_individual
2441,LynxID2025_lynx_49
2469,new_individual
2472,new_individual
2473,new_individual
2477,LynxID2025_lynx_05
2478,LynxID2025_lynx_03
2487,LynxID2025_lynx_43
2491,LynxID2025_lynx_36
2495,LynxID2025_lynx_31
2496,new_individual
2501,LynxID2025_lynx_62
2511,LynxID2025_lynx_28
2512,LynxID2025_lynx_45
2518,LynxID2025_lynx_95
2525,LynxID2025_lynx_62
2527,new_individual
2529,LynxID2025_lynx_54
2530,LynxID2025_lynx_32
2534,LynxID2025_lynx_62
2544,LynxID2025_lynx_32
2545,LynxID2025_lynx_16
2546,new_individual
2549,new_individual
2552,LynxID2025_lynx_49
2554,LynxID2025_lynx_95
2555,new_individual
2562,LynxID2025_lynx_95
2564,LynxID2025_lynx_74
2580,LynxID2025_lynx_98
2591,LynxID2025_lynx_95
2592,LynxID2025_lynx_03
2601,LynxID2025_lynx_16
2606,LynxID2025_lynx_49
2613,LynxID2025_lynx_86
2625,LynxID2025_lynx_62
2626,LynxID2025_lynx_76
2631,LynxID2025_lynx_41
2638,LynxID2025_lynx_62
2643,LynxID2025_lynx_49
2644,LynxID2025_lynx_41
2648,LynxID2025_lynx_74
2654,LynxID2025_lynx_79
2655,LynxID2025_lynx_74
2657,new_individual
2687,LynxID2025_lynx_95
2689,LynxID2025_lynx_48
2705,LynxID2025_lynx_86
2706,LynxID2025_lynx_16
2709,LynxID2025_lynx_25
2713,new_individual
2718,new_individual
2721,LynxID2025_lynx_86
2724,LynxID2025_lynx_95
2725,LynxID2025_lynx_49
2726,LynxID2025_lynx_32
2731,new_individual
2733,new_individual
2734,LynxID2025_lynx_27
2744,LynxID2025_lynx_43
2754,new_individual
2758,new_individual
2759,new_individual
2760,LynxID2025_lynx_32
2770,new_individual
2787,new_individual
2789,new_individual
2790,new_individual
2794,new_individual
2797,LynxID2025_lynx_97
2801,LynxID2025_lynx_49
2803,new_individual
2807,LynxID2025_lynx_05
2811,new_individual
2812,LynxID2025_lynx_29
2823,LynxID2025_lynx_50
2829,LynxID2025_lynx_32
2831,LynxID2025_lynx_32
2834,new_individual
2840,new_individual
2841,LynxID2025_lynx_25
2844,new_individual
2845,new_individual
2846,new_individual
2847,LynxID2025_lynx_49
2848,LynxID2025_lynx_43
2851,LynxID2025_lynx_40
2865,LynxID2025_lynx_43
2871,LynxID2025_lynx_41
2873,LynxID2025_lynx_97
2876,LynxID2025_lynx_54
2889,LynxID2025_lynx_46
2893,new_individual
2894,LynxID2025_lynx_60
2896,LynxID2025_lynx_05
2914,LynxID2025_lynx_76
2920,LynxID2025_lynx_95
2921,LynxID2025_lynx_62
2933,new_individual
2934,new_individual
2942,LynxID2025_lynx_43
2948,new_individual
2949,LynxID2025_lynx_05
2951,new_individual
2952,LynxID2025_lynx_74
2957,LynxID2025_lynx_11
2961,LynxID2025_lynx_32
2963,new_individual
2968,new_individual
2973,new_individual
2976,LynxID2025_lynx_54
2978,new_individual
2981,new_individual
2985,new_individual
2999,LynxID2025_lynx_49
3001,LynxID2025_lynx_05
3003,LynxID2025_lynx_74
3007,LynxID2025_lynx_75
3013,new_individual
3014,LynxID2025_lynx_05
3018,LynxID2025_lynx_54
3020,new_individual
3021,LynxID2025_lynx_86
3027,new_individual
3029,LynxID2025_lynx_05
3032,LynxID2025_lynx_28
3034,new_individual
3035,LynxID2025_lynx_38
3036,new_individual
3037,LynxID2025_lynx_49
3038,LynxID2025_lynx_13
3045,LynxID2025_lynx_49
3046,new_individual
3055,LynxID2025_lynx_50
3059,new_individual
3069,LynxID2025_lynx_62
3074,LynxID2025_lynx_05
3086,LynxID2025_lynx_93
3090,LynxID2025_lynx_86
3091,new_individual
3097,LynxID2025_lynx_75
3099,new_individual
3106,LynxID2025_lynx_63
3108,LynxID2025_lynx_91
3111,LynxID2025_lynx_32
3116,new_individual
3118,LynxID2025_lynx_63
3130,LynxID2025_lynx_95
3133,LynxID2025_lynx_32
3138,LynxID2025_lynx_87
3142,new_individual
3144,LynxID2025_lynx_50
3153,new_individual
3155,new_individual
3156,LynxID2025_lynx_76
3157,LynxID2025_lynx_62
3167,LynxID2025_lynx_43
3177,LynxID2025_lynx_32
3178,new_individual
3181,new_individual
3183,LynxID2025_lynx_43
3193,LynxID2025_lynx_31
3201,LynxID2025_lynx_43
3204,LynxID2025_lynx_77
3205,LynxID2025_lynx_74
3215,LynxID2025_lynx_85
3217,LynxID2025_lynx_63
3220,LynxID2025_lynx_63
3221,LynxID2025_lynx_05
3222,LynxID2025_lynx_60
3231,new_individual
3232,new_individual
3239,new_individual
3242,new_individual
3245,LynxID2025_lynx_93
3249,LynxID2025_lynx_91
3256,LynxID2025_lynx_28
3259,LynxID2025_lynx_35
3261,LynxID2025_lynx_46
3263,LynxID2025_lynx_49
3267,new_individual
3270,LynxID2025_lynx_31
3274,new_individual
3277,new_individual
3281,new_individual
3284,new_individual
3286,LynxID2025_lynx_49
3287,new_individual
3297,LynxID2025_lynx_31
3305,LynxID2025_lynx_25
3310,new_individual
3314,LynxID2025_lynx_54
3323,new_individual
3331,LynxID2025_lynx_74
3335,LynxID2025_lynx_31
3338,LynxID2025_lynx_43
3339,new_individual
3344,LynxID2025_lynx_97
3348,LynxID2025_lynx_74
3352,LynxID2025_lynx_85
3353,LynxID2025_lynx_75
3356,new_individual
3357,LynxID2025_lynx_28
3358,new_individual
3366,new_individual
3372,new_individual
3380,LynxID2025_lynx_11
3382,new_individual
3386,LynxID2025_lynx_60
3389,new_individual
3390,LynxID2025_lynx_32
3400,new_individual
3401,LynxID2025_lynx_25
3409,new_individual
3412,new_individual
3416,LynxID2025_lynx_32
3418,LynxID2025_lynx_32
3420,new_individual
3424,LynxID2025_lynx_49
3427,LynxID2025_lynx_62
3429,LynxID2025_lynx_00
3434,new_individual
3435,LynxID2025_lynx_49
3436,LynxID2025_lynx_11
3437,LynxID2025_lynx_76
3439,LynxID2025_lynx_84
3441,new_individual
3446,new_individual
3449,LynxID2025_lynx_25
3450,LynxID2025_lynx_32
3452,LynxID2025_lynx_00
3469,LynxID2025_lynx_38
3474,LynxID2025_lynx_54
3477,LynxID2025_lynx_43
3480,LynxID2025_lynx_62
3481,LynxID2025_lynx_32
3484,new_individual
3487,LynxID2025_lynx_97
3490,new_individual
3494,new_individual
3497,LynxID2025_lynx_54
3500,LynxID2025_lynx_74
3501,LynxID2025_lynx_36
3502,new_individual
3508,LynxID2025_lynx_03
3511,new_individual
3513,LynxID2025_lynx_50
3521,LynxID2025_lynx_62
3524,new_individual
3526,LynxID2025_lynx_62
3529,LynxID2025_lynx_49
3530,LynxID2025_lynx_95
3539,LynxID2025_lynx_32
3540,LynxID2025_lynx_43
3542,LynxID2025_lynx_84
3545,LynxID2025_lynx_62
3548,LynxID2025_lynx_74
3550,LynxID2025_lynx_16
3565,LynxID2025_lynx_62
3566,LynxID2025_lynx_05
3568,new_individual
3570,new_individual
3574,LynxID2025_lynx_49
3582,LynxID2025_lynx_49
3585,new_individual
3595,LynxID2025_lynx_28
3597,LynxID2025_lynx_40
3605,LynxID2025_lynx_40
3626,LynxID2025_lynx_62
3633,LynxID2025_lynx_62
3638,LynxID2025_lynx_74
3643,new_individual
3645,new_individual
3648,LynxID2025_lynx_38
3654,new_individual
3655,LynxID2025_lynx_95
3657,LynxID2025_lynx_56
3660,new_individual
3666,LynxID2025_lynx_86
3670,LynxID2025_lynx_62
3672,new_individual
3675,LynxID2025_lynx_49
3676,LynxID2025_lynx_27
3677,LynxID2025_lynx_32
3682,LynxID2025_lynx_49
3690,LynxID2025_lynx_32
3691,LynxID2025_lynx_49
3692,new_individual
3696,LynxID2025_lynx_41
3698,new_individual
3706,new_individual
3725,new_individual
3727,LynxID2025_lynx_97
3729,new_individual
3739,LynxID2025_lynx_84
3749,LynxID2025_lynx_46
3750,LynxID2025_lynx_43
3762,new_individual
3763,LynxID2025_lynx_05
3766,LynxID2025_lynx_93
3768,new_individual
3793,new_individual
3794,new_individual
3808,LynxID2025_lynx_16
3822,new_individual
3823,LynxID2025_lynx_43
3836,LynxID2025_lynx_98
3837,new_individual
3849,new_individual
3861,LynxID2025_lynx_05
3862,LynxID2025_lynx_32
3866,LynxID2025_lynx_32
3867,LynxID2025_lynx_76
3874,new_individual
3876,LynxID2025_lynx_62
3887,LynxID2025_lynx_05
3897,LynxID2025_lynx_95
3900,LynxID2025_lynx_40
3902,LynxID2025_lynx_32
5291,SalamanderID2025_186
5292,SalamanderID2025_165
5293,SalamanderID2025_498
5294,SalamanderID2025_63
5295,new_individual
5296,SalamanderID2025_48
5297,SalamanderID2025_143
5298,SalamanderID2025_48
5299,SalamanderID2025_546
5300,SalamanderID2025_329
5301,SalamanderID2025_2
5302,SalamanderID2025_3
5303,new_individual
5304,SalamanderID2025_4
5305,SalamanderID2025_6
5306,SalamanderID2025_7
5307,new_individual
5308,new_individual
5309,SalamanderID2025_378
5310,SalamanderID2025_27
5311,SalamanderID2025_6
5312,SalamanderID2025_86
5313,SalamanderID2025_5
5314,SalamanderID2025_57
5315,SalamanderID2025_6
5316,SalamanderID2025_10
5317,SalamanderID2025_12
5318,SalamanderID2025_12
5319,SalamanderID2025_13
5320,SalamanderID2025_11
5321,SalamanderID2025_238
5322,SalamanderID2025_131
5323,SalamanderID2025_11
5324,SalamanderID2025_19
5325,SalamanderID2025_97
5326,SalamanderID2025_20
5327,SalamanderID2025_22
5328,SalamanderID2025_23
5329,SalamanderID2025_24
5330,SalamanderID2025_355
5331,SalamanderID2025_149
5332,SalamanderID2025_27
5333,SalamanderID2025_26
5334,SalamanderID2025_29
5335,SalamanderID2025_31
5336,SalamanderID2025_180
5337,SalamanderID2025_33
5338,SalamanderID2025_2
5339,SalamanderID2025_205
5340,SalamanderID2025_52
5341,SalamanderID2025_80
5342,SalamanderID2025_219
5343,SalamanderID2025_36
5344,SalamanderID2025_182
5345,SalamanderID2025_465
5346,SalamanderID2025_36
5347,SalamanderID2025_327
5348,SalamanderID2025_244
5349,SalamanderID2025_209
5350,SalamanderID2025_296
5351,SalamanderID2025_154
5352,SalamanderID2025_360
5353,SalamanderID2025_39
5354,SalamanderID2025_40
5355,SalamanderID2025_210
5356,SalamanderID2025_303
5357,SalamanderID2025_86
5358,SalamanderID2025_139
5359,SalamanderID2025_279
5360,SalamanderID2025_461
5361,SalamanderID2025_252
5362,SalamanderID2025_267
5363,SalamanderID2025_115
5364,SalamanderID2025_5
5365,SalamanderID2025_294
5366,SalamanderID2025_189
5367,SalamanderID2025_45
5368,new_individual
5369,new_individual
5370,SalamanderID2025_48
5371,SalamanderID2025_121
5372,SalamanderID2025_303
5373,SalamanderID2025_51
5374,SalamanderID2025_36
5375,SalamanderID2025_523
5376,SalamanderID2025_186
5377,SalamanderID2025_523
5378,SalamanderID2025_57
5379,SalamanderID2025_68
5380,new_individual
5381,SalamanderID2025_620
5382,SalamanderID2025_199
5383,SalamanderID2025_322
5384,SalamanderID2025_75
5385,SalamanderID2025_36
5386,SalamanderID2025_68
5387,SalamanderID2025_56
5388,SalamanderID2025_57
5389,SalamanderID2025_58
5390,SalamanderID2025_48
5391,SalamanderID2025_60
5392,SalamanderID2025_108
5393,SalamanderID2025_2
5394,SalamanderID2025_406
5395,SalamanderID2025_435
5396,SalamanderID2025_289
5397,new_individual
5398,SalamanderID2025_11
5399,SalamanderID2025_368
5400,SalamanderID2025_64
5401,SalamanderID2025_200
5402,SalamanderID2025_67
5403,SalamanderID2025_165
5404,SalamanderID2025_69
5405,SalamanderID2025_70
5406,SalamanderID2025_333
5407,SalamanderID2025_204
5408,SalamanderID2025_300
5409,SalamanderID2025_80
5410,SalamanderID2025_300
5411,SalamanderID2025_53
5412,SalamanderID2025_53
5413,SalamanderID2025_198
5414,SalamanderID2025_148
5415,SalamanderID2025_75
5416,SalamanderID2025_498
5417,SalamanderID2025_252
5418,SalamanderID2025_80
5419,SalamanderID2025_81
5420,SalamanderID2025_425
5421,SalamanderID2025_620
5422,SalamanderID2025_80
5423,SalamanderID2025_83
5424,SalamanderID2025_84
5425,SalamanderID2025_85
5426,SalamanderID2025_86
5427,SalamanderID2025_121
5428,SalamanderID2025_365
5429,SalamanderID2025_89
5430,SalamanderID2025_90
5431,SalamanderID2025_91
5432,SalamanderID2025_92
5433,SalamanderID2025_369
5434,SalamanderID2025_94
5435,SalamanderID2025_95
5436,SalamanderID2025_143
5437,SalamanderID2025_97
5438,SalamanderID2025_165
5439,SalamanderID2025_213
5440,SalamanderID2025_100
5441,SalamanderID2025_238
5442,SalamanderID2025_58
5443,SalamanderID2025_103
5444,SalamanderID2025_506
5445,SalamanderID2025_105
5446,SalamanderID2025_106
5447,SalamanderID2025_107
5448,new_individual
5449,SalamanderID2025_109
5450,SalamanderID2025_110
5451,SalamanderID2025_111
5452,SalamanderID2025_112
5453,new_individual
5454,SalamanderID2025_174
5455,SalamanderID2025_160
5456,SalamanderID2025_178
5457,SalamanderID2025_613
5458,SalamanderID2025_378
5459,SalamanderID2025_447
5460,SalamanderID2025_73
5461,SalamanderID2025_2
5462,SalamanderID2025_115
5463,SalamanderID2025_148
5464,SalamanderID2025_117
5465,SalamanderID2025_118
5466,SalamanderID2025_119
5467,SalamanderID2025_68
5468,SalamanderID2025_36
5469,SalamanderID2025_66
5470,SalamanderID2025_154
5471,SalamanderID2025_125
5472,SalamanderID2025_126
5473,SalamanderID2025_127
5474,SalamanderID2025_297
5475,SalamanderID2025_129
5476,SalamanderID2025_130
5477,SalamanderID2025_134
5478,SalamanderID2025_132
5479,SalamanderID2025_330
5480,SalamanderID2025_192
5481,SalamanderID2025_155
5482,SalamanderID2025_170
5483,SalamanderID2025_118
5484,new_individual
5485,SalamanderID2025_138
5486,SalamanderID2025_115
5487,SalamanderID2025_280
5488,SalamanderID2025_86
5489,SalamanderID2025_142
5490,SalamanderID2025_423
5491,SalamanderID2025_205
5492,SalamanderID2025_79
5493,new_individual
5494,SalamanderID2025_147
5495,SalamanderID2025_148
5496,SalamanderID2025_89
5497,SalamanderID2025_150
5498,SalamanderID2025_151
5499,SalamanderID2025_76
5500,SalamanderID2025_153
5501,SalamanderID2025_154
5502,SalamanderID2025_565
5503,SalamanderID2025_155
5504,SalamanderID2025_157
5505,SalamanderID2025_158
5506,SalamanderID2025_159
5507,SalamanderID2025_90
5508,SalamanderID2025_161
5509,SalamanderID2025_162
5510,SalamanderID2025_164
5511,SalamanderID2025_186
5512,SalamanderID2025_76
5513,SalamanderID2025_134
5514,SalamanderID2025_252
5515,SalamanderID2025_562
5516,SalamanderID2025_187
5517,SalamanderID2025_90
5518,SalamanderID2025_425
5519,SalamanderID2025_604
5520,SalamanderID2025_169
5521,SalamanderID2025_15
5522,SalamanderID2025_171
5523,SalamanderID2025_189
5524,SalamanderID2025_642
5525,SalamanderID2025_39
5526,SalamanderID2025_359
5527,SalamanderID2025_101
5528,SalamanderID2025_565
5529,SalamanderID2025_120
5530,SalamanderID2025_179
5531,SalamanderID2025_467
5532,SalamanderID2025_161
5533,SalamanderID2025_227
5534,SalamanderID2025_209
5535,SalamanderID2025_149
5536,SalamanderID2025_62
5537,SalamanderID2025_49
5538,SalamanderID2025_134
5539,SalamanderID2025_235
5540,SalamanderID2025_88
5541,SalamanderID2025_235
5542,SalamanderID2025_66
5543,SalamanderID2025_134
5544,SalamanderID2025_369
5545,SalamanderID2025_179
5546,SalamanderID2025_189
5547,SalamanderID2025_547
5548,SalamanderID2025_203
5549,SalamanderID2025_98
5550,SalamanderID2025_147
5551,SalamanderID2025_555
5552,SalamanderID2025_90
5553,SalamanderID2025_356
5554,SalamanderID2025_2
5555,SalamanderID2025_199
5556,SalamanderID2025_219
5557,SalamanderID2025_244
5558,SalamanderID2025_264
5559,SalamanderID2025_81
5560,SalamanderID2025_378
5561,SalamanderID2025_196
5562,SalamanderID2025_204
5563,SalamanderID2025_180
5564,SalamanderID2025_483
5565,SalamanderID2025_233
5566,SalamanderID2025_357
5567,SalamanderID2025_233
5568,SalamanderID2025_233
5569,SalamanderID2025_233
5570,SalamanderID2025_233
5571,SalamanderID2025_209
5572,SalamanderID2025_210
5573,SalamanderID2025_129
5574,SalamanderID2025_199
5575,SalamanderID2025_213
5576,SalamanderID2025_278
5577,SalamanderID2025_215
5578,SalamanderID2025_62
5579,SalamanderID2025_287
5580,SalamanderID2025_444
5581,SalamanderID2025_268
5582,SalamanderID2025_93
5583,SalamanderID2025_221
5584,SalamanderID2025_222
5585,SalamanderID2025_223
5586,SalamanderID2025_224
5587,new_individual
5588,SalamanderID2025_227
5589,SalamanderID2025_228
5590,SalamanderID2025_229
5591,SalamanderID2025_49
5592,SalamanderID2025_231
5593,SalamanderID2025_232
5594,SalamanderID2025_233
5595,SalamanderID2025_109
5596,SalamanderID2025_294
5597,SalamanderID2025_237
5598,SalamanderID2025_304
5599,SalamanderID2025_196
5600,SalamanderID2025_240
5601,SalamanderID2025_546
5602,SalamanderID2025_546
5603,SalamanderID2025_546
5604,SalamanderID2025_206
5605,SalamanderID2025_206
5606,SalamanderID2025_89
5607,SalamanderID2025_89
5608,SalamanderID2025_243
5609,SalamanderID2025_58
5610,SalamanderID2025_298
5611,SalamanderID2025_337
5612,new_individual
5613,SalamanderID2025_28
5614,SalamanderID2025_165
5615,SalamanderID2025_392
5616,SalamanderID2025_214
5617,SalamanderID2025_73
5618,SalamanderID2025_392
5619,SalamanderID2025_250
5620,SalamanderID2025_40
5621,SalamanderID2025_252
5622,SalamanderID2025_286
5623,SalamanderID2025_254
5624,SalamanderID2025_632
5625,SalamanderID2025_112
5626,SalamanderID2025_494
5627,SalamanderID2025_356
5628,SalamanderID2025_260
5629,SalamanderID2025_88
5630,SalamanderID2025_380
5631,new_individual
5632,new_individual
5633,SalamanderID2025_199
5634,SalamanderID2025_609
5635,new_individual
5636,SalamanderID2025_276
5637,SalamanderID2025_279
5638,SalamanderID2025_90
5639,SalamanderID2025_436
5640,SalamanderID2025_195
5641,SalamanderID2025_284
5642,SalamanderID2025_247
5643,SalamanderID2025_28
5644,SalamanderID2025_205
5645,SalamanderID2025_180
5646,SalamanderID2025_180
5647,SalamanderID2025_76
5648,SalamanderID2025_120
5649,SalamanderID2025_323
5650,SalamanderID2025_289
5651,SalamanderID2025_230
5652,SalamanderID2025_86
5653,SalamanderID2025_289
5654,SalamanderID2025_406
5655,SalamanderID2025_608
5656,new_individual
5657,SalamanderID2025_63
5658,SalamanderID2025_369
5659,SalamanderID2025_338
5660,SalamanderID2025_36
5661,SalamanderID2025_357
5662,SalamanderID2025_296
5663,SalamanderID2025_186
5664,SalamanderID2025_466
5665,SalamanderID2025_180
5666,SalamanderID2025_182
5667,SalamanderID2025_363
5668,SalamanderID2025_403
5669,SalamanderID2025_297
5670,SalamanderID2025_234
5671,SalamanderID2025_289
5672,SalamanderID2025_485
5673,SalamanderID2025_619
5674,SalamanderID2025_89
5675,SalamanderID2025_205
5676,SalamanderID2025_317
5677,SalamanderID2025_186
5678,SalamanderID2025_56
5679,SalamanderID2025_363
5680,SalamanderID2025_452
5681,SalamanderID2025_129
5682,SalamanderID2025_308
5683,SalamanderID2025_451
5684,SalamanderID2025_474
5685,SalamanderID2025_143
5686,SalamanderID2025_134
5687,SalamanderID2025_635
5688,SalamanderID2025_467
5689,SalamanderID2025_93
5690,SalamanderID2025_328
5691,SalamanderID2025_119
5692,SalamanderID2025_341
5693,SalamanderID2025_344
5694,SalamanderID2025_79
5695,SalamanderID2025_305
5696,SalamanderID2025_344
5697,SalamanderID2025_345
5698,new_individual
5699,SalamanderID2025_571
5700,SalamanderID2025_349
5701,SalamanderID2025_350
5702,SalamanderID2025_327
5703,SalamanderID2025_266
5704,SalamanderID2025_267
5705,SalamanderID2025_406
5706,new_individual
5707,SalamanderID2025_220
5708,SalamanderID2025_199
5709,SalamanderID2025_369
5710,SalamanderID2025_235
5711,new_individual
5712,SalamanderID2025_76
5713,SalamanderID2025_62
5714,SalamanderID2025_362
5715,SalamanderID2025_457
5716,SalamanderID2025_529
5717,SalamanderID2025_369
5718,SalamanderID2025_346
5719,SalamanderID2025_369
5720,SalamanderID2025_11
5721,SalamanderID2025_372
5722,SalamanderID2025_378
5723,SalamanderID2025_489
5724,SalamanderID2025_110
5725,SalamanderID2025_265
5726,SalamanderID2025_36
5727,new_individual
5728,SalamanderID2025_238
5729,new_individual
5730,SalamanderID2025_465
5731,SalamanderID2025_547
5732,SalamanderID2025_432
5733,SalamanderID2025_267
5734,SalamanderID2025_517
5735,SalamanderID2025_14
5736,SalamanderID2025_432
5737,SalamanderID2025_372
5738,SalamanderID2025_403
5739,SalamanderID2025_152
5740,SalamanderID2025_305
5741,SalamanderID2025_535
5742,SalamanderID2025_300
5743,SalamanderID2025_247
5744,SalamanderID2025_160
5745,SalamanderID2025_220
5746,SalamanderID2025_161
5747,SalamanderID2025_235
5748,SalamanderID2025_327
5749,SalamanderID2025_289
5750,SalamanderID2025_38
5751,new_individual
5752,SalamanderID2025_357
5753,SalamanderID2025_93
5754,SalamanderID2025_85
5755,SalamanderID2025_464
5756,SalamanderID2025_99
5757,SalamanderID2025_408
5758,new_individual
5759,SalamanderID2025_544
5760,SalamanderID2025_99
5761,SalamanderID2025_136
5762,SalamanderID2025_305
5763,SalamanderID2025_339
5764,SalamanderID2025_530
5765,SalamanderID2025_466
5766,SalamanderID2025_218
5767,SalamanderID2025_606
5768,SalamanderID2025_620
5769,SalamanderID2025_323
5770,SalamanderID2025_446
5771,SalamanderID2025_62
5772,SalamanderID2025_338
5773,new_individual
5774,new_individual
5775,SalamanderID2025_195
5776,SalamanderID2025_369
5777,new_individual
5778,SalamanderID2025_152
5779,SalamanderID2025_450
5780,SalamanderID2025_219
5781,SalamanderID2025_452
5782,SalamanderID2025_181
5783,SalamanderID2025_123
5784,SalamanderID2025_557
5785,SalamanderID2025_344
5786,new_individual
5787,SalamanderID2025_369
5788,SalamanderID2025_175
5789,SalamanderID2025_415
5790,SalamanderID2025_298
5791,SalamanderID2025_134
5792,SalamanderID2025_205
5793,SalamanderID2025_36
5794,SalamanderID2025_63
5795,SalamanderID2025_181
5796,SalamanderID2025_351
5797,SalamanderID2025_181
5798,SalamanderID2025_244
5799,SalamanderID2025_332
5800,SalamanderID2025_289
5801,new_individual
5802,SalamanderID2025_415
5803,SalamanderID2025_406
5804,new_individual
5805,new_individual
5806,SalamanderID2025_2
5807,SalamanderID2025_303
5808,SalamanderID2025_369
5809,SalamanderID2025_351
5810,SalamanderID2025_330
5811,SalamanderID2025_355
5812,SalamanderID2025_215
5813,SalamanderID2025_574
5814,SalamanderID2025_298
5815,SalamanderID2025_530
5816,SalamanderID2025_297
5817,SalamanderID2025_545
5818,SalamanderID2025_298
5819,SalamanderID2025_195
5820,SalamanderID2025_357
5821,SalamanderID2025_597
5822,SalamanderID2025_354
5823,SalamanderID2025_348
5824,SalamanderID2025_28
5825,SalamanderID2025_518
5826,SalamanderID2025_520
5827,SalamanderID2025_601
5828,SalamanderID2025_282
5829,SalamanderID2025_625
5830,SalamanderID2025_391
5831,SalamanderID2025_81
5832,new_individual
5833,SalamanderID2025_436
5834,SalamanderID2025_422
5835,SalamanderID2025_634
5836,SalamanderID2025_522
5837,SalamanderID2025_514
5838,SalamanderID2025_279
5839,SalamanderID2025_93
5840,SalamanderID2025_81
5841,SalamanderID2025_220
5842,SalamanderID2025_508
5843,new_individual
5844,SalamanderID2025_305
5845,SalamanderID2025_492
5846,SalamanderID2025_21
5847,SalamanderID2025_89
5848,SalamanderID2025_518
5849,SalamanderID2025_88
5850,SalamanderID2025_139
5851,SalamanderID2025_498
5852,SalamanderID2025_403
5853,SalamanderID2025_89
5854,SalamanderID2025_289
5855,SalamanderID2025_518
5856,SalamanderID2025_363
5857,SalamanderID2025_298
5858,SalamanderID2025_529
5859,SalamanderID2025_351
5860,SalamanderID2025_141
5861,SalamanderID2025_449
5862,SalamanderID2025_465
5863,new_individual
5864,SalamanderID2025_502
5865,SalamanderID2025_152
5866,SalamanderID2025_62
5867,SalamanderID2025_369
5868,SalamanderID2025_539
5869,SalamanderID2025_145
5870,SalamanderID2025_46
5871,SalamanderID2025_340
5872,new_individual
5873,SalamanderID2025_71
5874,new_individual
5875,SalamanderID2025_99
5876,SalamanderID2025_340
5877,SalamanderID2025_408
5878,SalamanderID2025_300
5879,SalamanderID2025_639
5880,SalamanderID2025_613
5881,SalamanderID2025_327
5882,SalamanderID2025_81
5883,SalamanderID2025_86
5884,SalamanderID2025_559
5885,SalamanderID2025_28
5886,SalamanderID2025_155
5887,new_individual
5888,SalamanderID2025_36
5889,SalamanderID2025_290
5890,SalamanderID2025_357
5891,SalamanderID2025_357
5892,SalamanderID2025_57
5893,SalamanderID2025_450
5894,SalamanderID2025_192
5895,SalamanderID2025_630
5896,new_individual
5897,SalamanderID2025_504
5898,new_individual
5899,SalamanderID2025_618
5900,SalamanderID2025_108
5901,SalamanderID2025_536
5902,SalamanderID2025_480
5903,SalamanderID2025_327
5904,SalamanderID2025_634
5905,SalamanderID2025_582
5906,SalamanderID2025_650
5907,SalamanderID2025_634
5908,SalamanderID2025_471
5909,SalamanderID2025_520
5910,SalamanderID2025_449
5911,SalamanderID2025_526
5912,new_individual
5913,SalamanderID2025_145
5914,new_individual
5915,SalamanderID2025_613
5916,SalamanderID2025_480
5917,SalamanderID2025_614
5918,SalamanderID2025_181
5919,SalamanderID2025_606
5920,new_individual
5921,SalamanderID2025_612
5922,new_individual
5923,SalamanderID2025_213
5924,SalamanderID2025_474
5925,SalamanderID2025_504
5926,SalamanderID2025_279
5927,SalamanderID2025_149
5928,SalamanderID2025_339
5929,new_individual
5930,SalamanderID2025_614
5931,SalamanderID2025_145
5932,new_individual
5933,SalamanderID2025_503
5934,SalamanderID2025_492
5935,SalamanderID2025_545
5936,SalamanderID2025_545
5937,SalamanderID2025_624
5938,SalamanderID2025_539
5939,SalamanderID2025_357
5940,SalamanderID2025_436
5941,SalamanderID2025_535
5942,SalamanderID2025_422
5943,SalamanderID2025_438
5944,SalamanderID2025_357
5945,SalamanderID2025_90
5946,SalamanderID2025_284
5947,SalamanderID2025_176
5948,SalamanderID2025_559
5949,SalamanderID2025_63
5950,SalamanderID2025_436
5951,SalamanderID2025_36
5952,SalamanderID2025_597
5953,SalamanderID2025_522
5954,SalamanderID2025_189
5955,SalamanderID2025_117
5956,SalamanderID2025_461
5957,SalamanderID2025_574
5958,new_individual
5959,SalamanderID2025_601
5960,SalamanderID2025_361
5961,SalamanderID2025_497
5962,SalamanderID2025_611
5963,new_individual
5964,SalamanderID2025_351
5965,SalamanderID2025_630
5966,SalamanderID2025_260
5967,SalamanderID2025_465
5968,SalamanderID2025_238
5969,SalamanderID2025_134
5970,SalamanderID2025_181
5971,SalamanderID2025_368
5972,SalamanderID2025_612
5973,SalamanderID2025_313
5974,SalamanderID2025_289
5975,SalamanderID2025_303
5976,SalamanderID2025_89
5977,SalamanderID2025_199
5978,new_individual
5979,SalamanderID2025_546
14709,new_individual
14710,SeaTurtleID2022_t171
14711,new_individual
14712,new_individual
14713,new_individual
14714,SeaTurtleID2022_t202
14715,new_individual
14716,SeaTurtleID2022_t204
14717,new_individual
14718,new_individual
14719,SeaTurtleID2022_t407
14720,SeaTurtleID2022_t035
14721,new_individual
14722,new_individual
14723,new_individual
14724,new_individual
14725,new_individual
14726,new_individual
14727,SeaTurtleID2022_t037
14728,new_individual
14729,SeaTurtleID2022_t266
14730,new_individual
14731,new_individual
14732,SeaTurtleID2022_t037
14733,new_individual
14734,SeaTurtleID2022_t197
14735,new_individual
14736,new_individual
14737,SeaTurtleID2022_t142
14738,new_individual
14739,new_individual
14740,new_individual
14741,new_individual
14742,new_individual
14743,new_individual
14744,new_individual
14745,new_individual
14746,new_individual
14747,new_individual
14748,new_individual
14749,SeaTurtleID2022_t033
14750,SeaTurtleID2022_t567
14751,SeaTurtleID2022_t257
14752,new_individual
14753,new_individual
14754,SeaTurtleID2022_t141
14755,SeaTurtleID2022_t033
14756,new_individual
14757,new_individual
14758,SeaTurtleID2022_t043
14759,new_individual
14760,new_individual
14761,new_individual
14762,new_individual
14763,new_individual
14764,new_individual
14765,SeaTurtleID2022_t033
14766,new_individual
14767,new_individual
14768,SeaTurtleID2022_t028
14769,new_individual
14770,new_individual
14771,new_individual
14772,new_individual
14773,new_individual
14774,SeaTurtleID2022_t029
14775,SeaTurtleID2022_t232
14776,SeaTurtleID2022_t166
14777,new_individual
14778,SeaTurtleID2022_t230
14779,new_individual
14780,new_individual
14781,new_individual
14782,SeaTurtleID2022_t028
14783,new_individual
14784,new_individual
14785,new_individual
14786,new_individual
14787,new_individual
14788,new_individual
14789,SeaTurtleID2022_t104
14790,new_individual
14791,SeaTurtleID2022_t020
14792,SeaTurtleID2022_t238
14793,SeaTurtleID2022_t257
14794,SeaTurtleID2022_t146
14795,new_individual
14796,new_individual
14797,new_individual
14798,new_individual
14799,SeaTurtleID2022_t052
14800,new_individual
14801,new_individual
14802,new_individual
14803,new_individual
14804,SeaTurtleID2022_t243
14805,new_individual
14806,SeaTurtleID2022_t230
14807,new_individual
14808,SeaTurtleID2022_t385
14809,new_individual
14810,new_individual
14811,SeaTurtleID2022_t241
14812,new_individual
14813,new_individual
14814,new_individual
14815,new_individual
14816,new_individual
14817,new_individual
14818,new_individual
14819,new_individual
14820,SeaTurtleID2022_t037
14821,SeaTurtleID2022_t033
14822,new_individual
14823,new_individual
14824,new_individual
14825,SeaTurtleID2022_t232
14826,new_individual
14827,SeaTurtleID2022_t281
14828,new_individual
14829,new_individual
14830,new_individual
14831,new_individual
14832,SeaTurtleID2022_t202
14833,new_individual
14834,SeaTurtleID2022_t174
14835,new_individual
14836,new_individual
14837,SeaTurtleID2022_t076
14838,new_individual
14839,SeaTurtleID2022_t141
14840,new_individual
14841,SeaTurtleID2022_t023
14842,new_individual
14843,new_individual
14844,new_individual
14845,new_individual
14846,new_individual
14847,SeaTurtleID2022_t208
14848,new_individual
14849,new_individual
14850,new_individual
14851,new_individual
14852,SeaTurtleID2022_t396
14853,new_individual
14854,new_individual
14855,SeaTurtleID2022_t023
14856,new_individual
14857,SeaTurtleID2022_t171
14858,new_individual
14859,SeaTurtleID2022_t175
14860,new_individual
14861,SeaTurtleID2022_t028
14862,SeaTurtleID2022_t166
14863,SeaTurtleID2022_t232
14864,new_individual
14865,new_individual
14866,new_individual
14867,new_individual
14868,SeaTurtleID2022_t141
14869,new_individual
14870,new_individual
14871,new_individual
14872,new_individual
14873,new_individual
14874,SeaTurtleID2022_t204
14875,SeaTurtleID2022_t141
14876,new_individual
14877,new_individual
14878,new_individual
14879,SeaTurtleID2022_t249
14880,new_individual
14881,SeaTurtleID2022_t243
14882,new_individual
14883,new_individual
14884,new_individual
14885,new_individual
14886,new_individual
14887,new_individual
14888,new_individual
14889,new_individual
14890,new_individual
14891,SeaTurtleID2022_t238
14892,SeaTurtleID2022_t119
14893,new_individual
14894,new_individual
14895,SeaTurtleID2022_t077
14896,new_individual
14897,new_individual
14898,new_individual
14899,new_individual
14900,new_individual
14901,new_individual
14902,SeaTurtleID2022_t232
14903,new_individual
14904,SeaTurtleID2022_t421
14905,SeaTurtleID2022_t174
14906,new_individual
14907,SeaTurtleID2022_t421
14908,new_individual
14909,new_individual
14910,SeaTurtleID2022_t102
14911,new_individual
14912,new_individual
14913,new_individual
14914,new_individual
14915,new_individual
14916,new_individual
14917,SeaTurtleID2022_t029
14918,SeaTurtleID2022_t257
14919,new_individual
14920,new_individual
14921,SeaTurtleID2022_t234
14922,new_individual
14923,new_individual
14924,new_individual
14925,new_individual
14926,SeaTurtleID2022_t043
14927,SeaTurtleID2022_t141
14928,new_individual
14929,new_individual
14930,SeaTurtleID2022_t174
14931,SeaTurtleID2022_t243
14932,new_individual
14933,new_individual
14934,new_individual
14935,new_individual
14936,new_individual
14937,new_individual
14938,new_individual
14939,SeaTurtleID2022_t029
14940,new_individual
14941,new_individual
14942,new_individual
14943,new_individual
14944,new_individual
14945,SeaTurtleID2022_t473
14946,SeaTurtleID2022_t202
14947,new_individual
14948,new_individual
14949,new_individual
14950,new_individual
14951,new_individual
14952,new_individual
14953,new_individual
14954,SeaTurtleID2022_t020
14955,new_individual
14956,new_individual
14957,new_individual
14958,new_individual
14959,new_individual
14960,SeaTurtleID2022_t035
14961,SeaTurtleID2022_t197
14962,new_individual
14963,new_individual
14964,new_individual
14965,SeaTurtleID2022_t141
14966,new_individual
14967,new_individual
14968,SeaTurtleID2022_t254
14969,SeaTurtleID2022_t014
14970,SeaTurtleID2022_t232
14971,new_individual
14972,new_individual
14973,SeaTurtleID2022_t257
14974,new_individual
14975,new_individual
14976,SeaTurtleID2022_t023
14977,SeaTurtleID2022_t232
14978,new_individual
14979,new_individual
14980,new_individual
14981,SeaTurtleID2022_t234
14982,new_individual
14983,new_individual
14984,new_individual
14985,new_individual
14986,new_individual
14987,new_individual
14988,SeaTurtleID2022_t234
14989,new_individual
14990,SeaTurtleID2022_t243
14991,SeaTurtleID2022_t028
14992,new_individual
14993,SeaTurtleID2022_t065
14994,new_individual
14995,new_individual
14996,new_individual
14997,new_individual
14998,new_individual
14999,new_individual
15000,new_individual
15001,SeaTurtleID2022_t020
15002,SeaTurtleID2022_t208
15003,new_individual
15004,new_individual
15005,SeaTurtleID2022_t021
15006,new_individual
15007,SeaTurtleID2022_t035
15008,new_individual
15009,SeaTurtleID2022_t171
15010,new_individual
15011,new_individual
15012,new_individual
15013,new_individual
15014,SeaTurtleID2022_t014
15015,SeaTurtleID2022_t029
15016,SeaTurtleID2022_t174
15017,new_individual
15018,SeaTurtleID2022_t077
15019,SeaTurtleID2022_t386
15020,new_individual
15021,new_individual
15022,new_individual
15023,new_individual
15024,new_individual
15025,new_individual
15026,SeaTurtleID2022_t099
15027,new_individual
15028,new_individual
15029,new_individual
15030,new_individual
15031,new_individual
15032,new_individual
15033,SeaTurtleID2022_t208
15034,new_individual
15035,new_individual
15036,SeaTurtleID2022_t033
15037,new_individual
15038,new_individual
15039,new_individual
15040,new_individual
15041,new_individual
15042,new_individual
15043,SeaTurtleID2022_t025
15044,SeaTurtleID2022_t028
15045,new_individual
15046,SeaTurtleID2022_t175
15047,new_individual
15048,SeaTurtleID2022_t261
15049,new_individual
15050,SeaTurtleID2022_t200
15051,SeaTurtleID2022_t141
15052,new_individual
15053,new_individual
15054,SeaTurtleID2022_t254
15055,new_individual
15056,new_individual
15057,SeaTurtleID2022_t257
15058,new_individual
15059,SeaTurtleID2022_t202
15060,new_individual
15061,new_individual
15062,new_individual
15063,new_individual
15064,new_individual
15065,new_individual
15066,new_individual
15067,SeaTurtleID2022_t174
15068,new_individual
15069,new_individual
15070,new_individual
15071,SeaTurtleID2022_t238
15072,SeaTurtleID2022_t158
15073,new_individual
15074,new_individual
15075,new_individual
15076,new_individual
15077,SeaTurtleID2022_t094
15078,new_individual
15079,new_individual
15080,new_individual
15081,SeaTurtleID2022_t043
15082,SeaTurtleID2022_t266
15083,new_individual
15084,new_individual
15085,new_individual
15086,SeaTurtleID2022_t266
15087,new_individual
15088,SeaTurtleID2022_t468
15089,new_individual
15090,new_individual
15091,SeaTurtleID2022_t281
15092,SeaTurtleID2022_t241
15093,new_individual
15094,new_individual
15095,new_individual
15096,new_individual
15097,new_individual
15098,new_individual
15099,new_individual
15100,new_individual
15101,SeaTurtleID2022_t037
15102,new_individual
15103,SeaTurtleID2022_t276
15104,new_individual
15105,new_individual
15106,SeaTurtleID2022_t230
15107,new_individual
15108,new_individual
15109,new_individual
15110,new_individual
15111,new_individual
15112,SeaTurtleID2022_t077
15113,new_individual
15114,SeaTurtleID2022_t043
15115,new_individual
15116,new_individual
15117,new_individual
15118,new_individual
15119,new_individual
15120,new_individual
15121,new_individual
15122,new_individual
15123,new_individual
15124,new_individual
15125,SeaTurtleID2022_t142
15126,new_individual
15127,new_individual
15128,SeaTurtleID2022_t102
15129,new_individual
15130,SeaTurtleID2022_t301
15131,SeaTurtleID2022_t025
15132,new_individual
15133,new_individual
15134,SeaTurtleID2022_t301
15135,new_individual
15136,new_individual
15137,SeaTurtleID2022_t067
15138,new_individual
15139,new_individual
15140,SeaTurtleID2022_t035
15141,new_individual
15142,new_individual
15143,new_individual
15144,new_individual
15145,new_individual
15146,SeaTurtleID2022_t316
15147,new_individual
15148,SeaTurtleID2022_t234
15149,SeaTurtleID2022_t141
15150,SeaTurtleID2022_t146
15151,new_individual
15152,SeaTurtleID2022_t197
15153,new_individual
15154,new_individual
15155,new_individual
15156,SeaTurtleID2022_t232
15157,new_individual
15158,new_individual
15159,new_individual
15160,SeaTurtleID2022_t175
15161,new_individual
15162,new_individual
15163,new_individual
15164,new_individual
15165,new_individual
15166,new_individual
15167,SeaTurtleID2022_t232
15168,SeaTurtleID2022_t099
15169,new_individual
15170,new_individual
15171,new_individual
15172,new_individual
15173,SeaTurtleID2022_t035
15174,SeaTurtleID2022_t142
15175,new_individual
15176,new_individual
15177,SeaTurtleID2022_t065
15178,new_individual
15179,new_individual
15180,new_individual
15181,new_individual
15182,new_individual
15183,new_individual
15184,new_individual
15185,new_individual
15186,new_individual
15187,new_individual
15188,new_individual
15189,new_individual
15190,new_individual
15191,new_individual
15192,SeaTurtleID2022_t322
15193,SeaTurtleID2022_t410
15194,new_individual
15195,new_individual
15196,new_individual
15197,SeaTurtleID2022_t171
15198,SeaTurtleID2022_t099
15199,new_individual
15200,new_individual
15201,new_individual
15202,new_individual
15203,SeaTurtleID2022_t146
15204,new_individual
15205,new_individual
15206,SeaTurtleID2022_t202
15207,new_individual
15208,SeaTurtleID2022_t238
